title,clinicalBasic,articleType,authorName,linkToFullText,articleYear,analyst,NumberWordsInTitle,NumberWordsInArticle,soFarAsIsKnownIKnow,isItTooMuchToAssumeThat,appear,appearToMe,appears,appearsToMe,believing,ICannotStateWithCertainty,WeCannotExclude,ICannotHelpThinking,doNotAppear,doesNotAppear,doesNotSeem,doNotSeem,Expected,IamWeareInclinedToThinkOneIsTemptedToThink,IAmNotAware,IAmNotQuiteSure,IBelieve,ItIsGenerallyUsuallyBelieved,IConsider,IWeDoNotEvenKnowWhether,IDoNotSuppose,IDoNotThink ,ToDoubt,IFeelConfident,IfIRememberRightly,IQuiteImagine,IWish ,I/WeHope,WeNowWonder,IHoldThat,IThink,ITrust,oneHopes,doesNotSuggest,suggests,suggesting,supposeItIsSupposed,supposing,thereIsReasonToDoubt,IVentureToThink,weBelieve ,weAreJustifiedInAssumingThat,weAreJustifiedInBelievingThat,weAreJustifiedInReckoningThat,weAreSeldomSuspicious,weHaveThereforeReasonToHope,weThink,weDoNotBelieveThat,weHaveEveryReasonToBelieve,factsAreSufficientToInduceUsToBelieve,ledMeToBelieve,looks,thereIsReasonToBelieve,seem,seems,AreThoughtToBe,ItIsHoped,TOTLexicalPACLIsInArticleVerbsButNotModalVerbs,accordingToMyView,accordingToHypothesis,almostCertainCertainly,apparently,apparent,asInOpinion,believed,thereIsReasonForTheBelief,Conceivably,doubtIAmInDoubtThereIsSomeDoubt,doubtfulSuspected,veryDoubtful,forMyOwnPart,fromOwnExperienceSoFarAsMyExperienceGoes,greatProbability,impression,Improbably,inAppearance,inExperience,inMyOwnOurOpinionJudgementBelief/view,IAmFurtherOfOpinionThat,InTheHopeThat,moreProbably,ItIsMyView,itIsNotImprobableThat,mostImprobable,itIsReasonableToSuppose/Assume,itIsPerhapsReasonableToSuppose,itIsDifficult Too ToSee/thinkHow/of,ToMyKnowledge,likely,lessLikely,likelihood,muchMoreLikely,notMuchEvidence,moreLikely,moreProbable,mostLikely,MyPointIsThat,OpinionIs,noDirectEvidence,notQuiteClearToMe,nothingActuallyCertainIs,QuiteObvious,notLikely,notVeryLikely,itIsImpossibleToBeSure,myOwnOpinion,inOurExperience,perhaps,personally,possibility,possible,quitePossible,possibly,presumably,prettyCertainly,Probability,soFarAsIsKnown,probable,extremelyProbable,moreThanProbable,highlyProbable,veryProbable,probably,quiteNoCertain,seemingly,speakingFormyself,supposition,supposed,suspicionConjecture,thereIsLittleEvidence,thereIsNoEvidenceWeHaveNoEvidence,toMindtoOurMinds,unlikely ,notUnlikely,veryImprobable,veryUnlikely,uncertainty,unclear ,TOTLexicalPACLIsinArticleNonVerbs,can,may,mayNot,must,mustNot,TOTLexicalPACLIsModalVerbs,could,couldNot,couldNo,might,mightNot,should,shouldNot,would,wouldNo,wouldNot,ought,oughtNot,TOTMorpho-syntacticPACLIsInArticleConditionalMood ,epistemic future,TOTEpistemicFutureEU,asThough,asIf,whether,if_zuko,IFCLAUSESPeriodoIpoteticoThanPrimoSecondoTerzoGrado,ImplicitIfClauses,TOTMorpho-syntacticPACLIsInArticleIfAsIfWhether
A clinical lecture on maximal and minimal blood pressures and their significance.,clinical,original,J. F. Halls Dally,goo.gl/g2jLa,1913,Andrzej-Adriana,8,3810,0,0,1,0,1,0,0,0,0,0,0,0,0,0,0,0,0,0,2,0,1,0,0,0,0,0,0,0,1,1,0,0,2,1,0,0,0,0,0,1,0,0,0,0,0,0,0,0,0,0,0,0,0,0,0,1,1,0,0,13,0,0,0,0,0,0,0,0,0,0,0,0,0,0,0,0,0,0,0,1,0,0,0,0,0,0,0,0,0,0,1,0,0,0,0,0,0,0,0,1,0,0,0,0,0,0,0,0,0,2,2,0,2,0,1,0,0,0,0,0,0,0,0,0,1,0,0,0,1,0,0,0,0,0,0,0,0,0,0,0,12,4,9,0,0,0,13,0,0,0,1,0,6,1,13,0,1,0,0,22,0,0,0,0,0,0,7,4,11
A method of operating for radical cure of inguinal hernia.,clinical,original,W.T.F. Davies,asif,1913,Ilaria-Davide,10,1142,0,0,0,0,1,0,0,0,0,0,0,0,0,0,0,0,1,0,0,0,0,0,1,1,0,0,0,0,0,0,0,0,2,0,0,0,0,0,0,0,0,0,0,0,0,0,0,0,0,0,0,0,0,0,0,0,0,0,0,6,0,0,0,1,0,1,0,0,0,0,0,0,0,0,0,0,0,0,0,0,0,0,0,0,0,0,0,0,0,0,0,0,0,0,0,0,0,0,0,0,0,0,0,0,0,0,0,0,0,0,0,0,1,0,0,0,0,0,0,0,0,0,0,0,0,0,0,0,0,0,0,0,0,0,0,0,0,0,0,0,3,3,5,0,0,0,8,0,0,0,0,0,0,0,1,0,0,0,0,1,0,0,0,0,1,0,1,0,2
A successful case of caesaean section  with remarks.,clinical,original,T. Radford,http://www.ncbi.nlm.nih.gov/pmc/articles/PMC2487966/pdf/provmedsurgj00348-0008.pdf,1849,Carla-Cinzia,8,5074,0,0,1,0,0,0,0,0,0,0,0,0,0,0,0,0,0,0,0,0,0,0,0,0,1,0,0,0,0,1,0,0,2,0,0,0,0,0,0,0,0,0,0,0,0,0,0,0,0,0,1,1,0,0,0,0,0,0,0,7,0,0,0,0,0,0,0,0,0,1,0,0,0,1,0,0,0,0,0,2,0,0,0,0,0,0,0,0,0,1,0,0,0,1,0,0,0,3,0,0,0,0,0,1,0,0,0,0,0,0,0,0,0,0,0,0,0,0,0,0,0,0,0,0,1,0,0,0,0,0,0,0,0,0,0,0,0,0,0,0,11,1,3,0,1,0,5,0,1,0,1,0,5,0,2,0,1,3,1,14,0,0,0,0,1,0,6,0,7
A note on some cases mistaken for small-pox during the recent epidemic.,clinical,original ,Charles Fraser  M. B.  Ch. B.,http://goo.gl/VbvFM,1902,tutti,12,679,0,0,0,0,0,0,0,0,0,0,0,0,0,0,0,0,0,0,0,0,0,0,0,0,0,0,0,0,0,0,0,0,0,0,0,0,0,0,0,0,0,0,0,0,0,0,0,0,0,0,0,0,0,0,0,0,0,0,0,0,0,0,0,0,0,0,0,0,0,0,0,0,0,0,0,0,0,0,0,0,0,0,0,0,0,0,0,0,0,0,0,0,0,0,0,0,0,0,0,0,0,0,0,0,0,0,0,0,0,0,0,0,0,0,0,0,0,0,0,0,0,0,0,0,0,0,0,0,0,0,1,0,0,0,0,0,0,0,0,0,1,0,2,0,0,0,2,0,0,0,0,0,0,0,0,0,0,0,0,0,0,0,0,0,0,0,0,0,0
A Tropical fever.,clinical,original,G. Sherman-Bigg,goo.gl/spJvj,1882,Ilaria-Davide,3,750,0,0,0,0,0,0,0,0,0,0,0,0,0,1,0,0,0,0,0,0,0,0,0,0,0,0,0,0,0,0,0,0,1,0,0,0,0,0,0,1,0,0,0,0,0,0,0,0,0,0,0,0,0,0,0,0,0,0,0,3,0,0,0,0,0,0,0,0,0,0,0,0,0,0,0,0,0,0,0,0,0,0,0,0,0,0,0,0,0,0,0,0,0,0,0,0,0,0,0,0,0,0,0,0,0,0,0,0,0,0,0,0,0,0,0,0,0,0,0,0,0,0,0,0,0,0,0,0,0,0,0,0,0,0,0,0,0,0,0,0,0,0,11,0,1,0,12,0,0,0,0,0,3,0,0,0,0,0,0,3,0,0,0,0,0,0,0,0,0
Accuracy of cervical cytology screening.,clinical,correspondence ,J. R. Hughes,http://goo.gl/TFIhn,1988,Ramona-Luciana,5,506,0,0,0,0,0,0,0,0,0,0,0,0,0,0,0,0,0,0,0,0,0,0,0,0,0,0,0,0,0,0,0,0,0,0,0,0,0,0,0,0,0,0,0,0,0,0,0,0,0,0,0,0,0,0,0,0,1,0,0,1,0,0,0,0,0,0,0,0,0,0,0,0,0,0,0,0,0,0,0,0,0,0,0,0,0,0,0,0,0,0,0,0,0,0,0,0,0,0,0,0,0,0,0,0,0,0,1,0,0,0,0,0,0,0,0,0,0,0,0,0,0,0,0,0,0,0,0,0,0,0,0,1,0,0,0,0,0,0,0,0,2,1,0,1,1,0,3,0,0,0,0,0,2,0,0,0,0,0,0,2,0,0,0,0,2,0,0,0,2
Accuracy of liquid based versus conventional cytology: overall results of new technologies for cervical cancer screening randomized controlled trial.,clinical,original ,G. Ronco  J. Cuzick  P. Pierotti  M.P. Cariaggi  P. Dalla Palma  C. Naldoni  B. Ghiringhello  P. Giorgi-Rossi  D. Minucci  F. Parisio  A. Pojer  M.L.Sciboni  C. Sintoni  M. Zorzi  N. Segnan  M. Confortini.  ,http://goo.gl/ReRAA,2007,Carla-Cinzia,19,3443,0,0,0,0,0,0,0,0,1,0,0,0,0,0,0,0,0,0,0,0,0,0,0,0,0,0,0,0,0,0,0,0,0,0,0,0,0,0,0,0,0,0,0,0,0,0,0,0,0,0,0,0,0,0,0,0,0,0,0,1,0,0,0,0,0,0,0,0,0,0,0,0,0,0,0,0,0,0,0,0,0,0,0,0,0,0,0,0,0,0,0,0,0,0,0,0,0,0,0,0,0,0,0,0,0,0,0,0,0,0,0,1,2,0,0,0,0,1,0,0,0,0,0,0,0,0,0,0,0,0,0,0,0,0,0,0,0,0,0,0,4,0,0,0,0,0,0,4,0,0,0,0,0,0,1,0,1,0,0,6,0,0,0,0,0,0,1,0,1
Action of nicotine on the heart.,basic,original,J.H.Burn  M.J.Rand,http://goo.gl/7V9gl,1958,Carla-Cinzia,6,1466,0,0,0,0,0,0,0,0,0,0,0,0,0,0,1,0,0,0,0,0,0,0,0,0,0,0,0,0,0,0,0,0,0,0,0,0,0,1,0,0,0,0,1,0,0,0,0,0,0,0,0,0,0,0,0,0,0,0,0,3,0,0,0,0,0,0,1,0,0,0,0,0,0,0,0,0,0,0,0,0,0,0,0,0,0,0,0,0,0,0,0,0,0,0,0,0,0,0,0,0,0,0,0,0,0,0,0,0,0,1,0,0,0,0,0,0,0,0,0,0,0,0,0,0,1,0,0,0,0,0,0,0,0,0,0,0,0,0,0,0,3,2,3,0,0,0,5,0,0,0,4,0,1,0,2,0,1,0,0,8,0,0,0,1,0,0,2,0,3
Aetiology of Physiological Jaundice of the Newborn,basic,review,Alexander S. Wiener  M. D.,goo.gl/h1CYz,1951,tutti,7,1212,0,0,0,0,0,0,0,0,0,0,0,0,0,0,0,0,0,0,1,0,0,0,0,0,0,0,0,0,0,0,0,0,0,0,0,0,0,0,0,0,0,0,0,0,0,0,0,0,0,0,0,0,0,0,0,1,0,0,1,3,2,1,0,1,0,0,0,0,0,0,0,0,0,0,0,0,0,0,0,0,0,0,0,1,0,0,0,0,0,0,0,0,0,0,0,0,0,0,0,0,0,0,0,0,0,0,0,0,0,0,0,0,0,0,0,2,0,0,0,0,0,0,0,0,1,0,0,0,0,0,0,0,0,0,0,0,0,0,0,0,8,3,7,0,0,0,10,0,0,0,0,0,0,0,3,0,0,0,0,3,1,1,0,0,0,0,1,0,1
Amputation of the foot at the ankle-joint  illustrated by a case,clinical,original,H. Thompson,http://www.ncbi.nlm.nih.gov/pmc/articles/PMC2439531/pdf/assomedj00216-0007.pdf,1856,Ilaria-Davide,11,1928,0,0,1,0,0,0,0,0,0,0,0,0,0,0,0,0,0,0,3,0,0,0,0,0,0,0,0,0,0,0,0,0,2,0,0,0,0,0,0,0,0,0,0,0,0,0,0,0,0,0,0,0,0,0,0,0,1,0,0,7,0,0,0,0,0,0,0,0,0,0,0,0,0,0,0,0,0,0,0,0,0,0,0,0,0,0,0,0,0,0,0,0,0,0,0,0,0,0,0,0,0,0,0,0,0,0,0,0,0,1,0,0,0,0,0,0,0,0,0,0,0,0,0,0,1,0,0,0,0,0,0,0,0,0,0,0,0,0,0,0,2,3,5,0,1,0,9,0,0,0,1,0,4,0,3,0,0,2,0,10,0,0,0,0,0,0,1,0,1
An address delivered at the opening of the subsection of diseases of the throat.,clinical,original,G. Johnson,http://goo.gl/9rzD2,1881,Mina-Gabriele,14,1051,0,0,0,0,0,0,0,0,0,0,0,0,0,0,0,0,0,0,0,0,0,0,0,0,0,0,0,0,0,0,0,0,1,0,0,0,0,0,0,0,0,0,0,0,0,0,0,0,0,0,0,0,0,0,0,0,0,0,0,1,0,0,0,0,0,0,0,1,0,0,0,0,0,0,0,0,0,0,0,0,0,0,0,0,0,0,0,0,0,0,0,0,0,0,0,0,0,0,0,0,0,0,0,0,0,0,0,0,0,1,0,0,1,0,0,0,0,0,0,0,0,0,0,0,0,0,0,0,0,0,0,0,0,0,0,0,0,0,0,0,3,2,4,0,0,0,6,0,0,0,0,0,1,0,0,0,0,0,0,1,0,0,0,0,0,0,0,0,0
An address on the treatment of chronic degenerative lesions of the heart and aorta.,clinical,original,J. Barr,goo.gl/fRHIi,1909,Mina-Gabriele,14,5477,0,0,0,0,1,0,0,0,0,0,0,0,0,0,0,1,0,0,0,0,0,0,0,0,0,0,0,0,1,1,0,1,5,0,0,0,0,0,0,0,0,0,0,0,0,0,0,0,0,0,0,0,0,0,0,1,1,0,0,12,0,0,0,0,0,0,0,0,0,0,0,0,0,0,0,0,0,0,0,3,0,0,0,0,0,0,0,0,0,0,0,0,0,0,0,0,0,0,0,0,0,0,0,0,0,0,0,2,0,3,1,0,0,0,0,0,0,0,0,0,0,0,1,0,2,0,0,0,0,0,0,0,0,0,0,0,0,0,0,0,12,10,23,0,3,0,36,0,0,0,5,0,21,0,8,0,0,0,0,34,0,0,0,0,1,0,15,0,16
Appendicitis: an analysis of sixty-eight cases  with comments and a summary of the conditions requiring operation.,clinical,original,G. Barling,goo.gl/ZZstW,1893,Ramona-Luciana,16,3897,0,0,0,0,4,2,0,0,0,0,0,0,0,0,0,0,0,0,0,0,0,0,0,0,0,0,0,0,0,1,0,0,2,0,0,0,0,0,0,0,0,0,0,0,0,0,0,0,0,0,0,0,0,0,0,0,2,0,0,11,0,0,0,0,2,0,0,0,0,0,1,2,0,0,0,0,0,0,1,0,0,0,0,0,0,0,0,0,0,0,0,0,0,0,0,0,0,0,0,0,0,0,0,0,0,0,0,0,0,3,1,0,3,1,0,0,2,0,0,0,0,0,0,0,4,0,0,0,0,0,1,0,0,0,0,0,0,0,0,0,21,6,27,2,0,0,35,0,0,0,1,0,17,0,6,0,1,1,0,26,0,0,0,0,1,0,9,0,10
Benign Intracranical Hypertension.,clinical,review,leading article,http://goo.gl/1dIAI,1970,Ramona-Luciana,3,628,0,0,0,0,0,0,0,0,0,0,0,0,0,0,0,0,0,0,0,0,0,0,0,0,0,0,0,0,0,0,0,0,0,0,0,0,0,0,0,0,0,0,0,0,0,0,0,0,0,0,0,0,0,0,0,1,0,0,0,1,0,0,0,0,0,0,0,0,0,0,0,0,0,0,0,0,0,0,0,0,0,0,0,0,0,0,0,0,0,0,1,0,0,0,0,0,0,0,0,0,0,0,0,0,0,0,0,0,0,0,0,0,0,0,0,0,0,0,0,0,0,0,0,0,0,0,0,0,0,0,0,0,0,0,0,0,0,0,0,0,1,1,5,0,0,0,6,0,0,0,1,0,4,0,0,0,0,0,0,5,0,0,0,0,0,0,0,0,0
Bile duct stones and laparoscopic cholecystectomy. Selective intraoperative cholangiography is the best strategy.,clinical,review,DAVID SCOTT-COOMBES  JERE N THOMPSON,http://goo.gl/2haFE,1991,Carla-Cinzia,13,695,0,0,0,0,0,0,0,0,0,0,0,0,0,0,0,0,0,0,0,0,0,0,0,0,0,0,0,0,0,0,0,0,0,0,0,0,1,0,0,0,0,0,0,0,0,0,0,0,0,0,0,0,0,1,0,0,1,0,0,3,0,0,0,0,0,0,0,0,0,0,0,0,0,0,0,0,0,0,0,0,0,0,0,0,0,0,0,0,0,0,0,0,0,0,0,0,0,0,0,0,1,0,0,0,0,0,0,0,0,0,0,0,0,0,0,0,0,0,0,0,0,0,0,0,1,0,0,0,0,0,0,0,0,0,0,0,0,0,0,0,2,0,7,0,0,0,7,0,0,0,0,0,2,0,2,0,0,0,0,4,0,0,1,0,0,0,3,0,4
Bismuth therapy in jaundice during antisyphilitic treatment.,clinical,original,J.R. Forbes,http://goo.gl/rMDmR,1944,Andrzej-Adriana,7,1215,0,0,1,0,0,0,0,0,0,0,0,1,0,0,0,0,0,0,0,0,0,0,0,0,0,0,0,0,0,0,0,0,0,0,0,0,1,0,0,0,0,0,0,0,0,0,0,0,0,0,0,0,0,0,0,0,0,0,0,3,0,0,0,1,1,0,0,0,0,0,0,0,0,0,0,3,0,0,0,0,0,0,0,0,0,0,0,0,0,0,0,0,0,0,0,0,0,0,0,0,0,0,0,0,0,0,0,0,0,0,0,0,0,0,0,0,0,0,0,0,0,0,0,0,0,0,0,0,0,0,0,0,1,0,0,0,0,0,0,0,6,0,2,0,0,0,2,0,0,0,2,0,1,0,1,0,1,0,0,5,0,0,0,0,1,0,0,0,1
Bronchography without cocaine.,clinical,original,E.C.O. Jewesbury,http://goo.gl/dwepH,1939,Mina-Gabriele,3,1038,0,0,1,0,0,0,0,0,0,0,0,0,0,0,0,0,0,0,0,0,0,0,0,0,0,0,0,0,0,0,0,0,0,0,0,0,0,0,0,0,0,0,0,0,0,0,0,0,0,0,0,0,0,0,0,0,1,0,0,2,0,0,0,0,0,0,0,0,0,1,0,0,0,0,0,0,0,0,0,0,0,0,0,0,0,0,0,0,0,0,1,0,0,0,0,0,0,0,0,0,0,0,0,0,0,0,0,0,0,0,0,0,1,0,0,0,0,0,0,0,0,0,0,0,0,0,0,0,0,0,0,0,0,0,0,0,0,0,0,0,3,2,6,0,0,0,8,0,0,0,0,0,0,0,1,0,0,0,0,1,0,0,0,0,0,0,0,0,0
Case of amputation of the arm  performed under the influence of Aether: abnormal distribution of the brachial artery.,clinical,original,C. Anderton,http://www.ncbi.nlm.nih.gov/pmc/articles/PMC2487984/pdf/provmedsurgj00406-0010a.pdf,1847,Andrzej-Adriana,18,520,0,0,0,0,0,0,0,0,0,0,0,0,0,0,0,0,0,0,0,0,0,0,0,0,0,0,0,0,0,0,0,0,0,0,0,0,0,0,0,0,0,0,0,0,0,0,0,0,0,0,0,0,0,0,0,0,0,0,0,0,0,0,0,0,0,0,0,0,0,0,0,0,0,0,0,0,0,0,0,0,0,0,0,0,0,0,0,0,0,0,0,0,0,0,0,0,0,0,0,0,0,0,0,0,0,0,0,0,0,0,0,0,1,0,0,0,0,0,0,0,0,0,0,0,0,0,0,0,0,0,0,0,0,1,0,0,0,0,0,0,2,0,0,0,0,0,0,1,0,0,0,0,1,0,0,0,0,1,0,3,0,0,0,0,0,0,0,0,0
Case of catalepsy with transposition of the senses.,clinical,,D. Caen,http://www.ncbi.nlm.nih.gov/pmc/articles/PMC2489748/pdf/provmedsurgj00897-0010.pdf,1842,Andrzej-Adriana,8,1709,0,0,0,0,0,0,0,0,0,0,0,0,0,0,0,0,0,0,0,0,0,0,0,0,0,0,0,0,0,0,0,0,0,0,0,0,0,0,0,0,0,0,0,0,0,0,0,0,0,0,0,0,0,0,0,0,0,0,0,0,0,0,0,0,1,0,0,0,0,0,0,0,0,0,0,0,0,0,0,0,0,0,0,0,0,0,0,0,0,0,0,0,0,0,0,0,0,0,0,0,0,0,0,0,0,0,0,0,0,0,0,0,0,0,1,0,0,0,0,0,0,0,0,0,0,0,0,0,0,0,0,0,0,0,0,0,0,0,0,0,2,0,0,0,0,0,0,1,0,0,3,0,0,0,2,0,0,0,0,6,0,0,0,0,0,0,0,0,0
Case of renal calculus.,clinical,original,W.H. Day,http://www.ncbi.nlm.nih.gov/pmc/articles/PMC2325098/pdf/brmedj05977-0003.pdf,1863,Ramona-Luciana,4,1234,0,0,0,0,0,0,0,0,0,0,0,0,0,0,0,0,0,0,0,0,0,0,0,0,0,0,0,0,0,0,0,0,0,0,0,0,0,0,0,0,0,0,0,0,0,0,0,0,0,0,0,0,0,0,0,0,0,0,0,0,0,0,0,0,0,0,0,0,0,0,0,0,0,0,0,0,0,0,0,0,0,0,0,0,1,0,0,0,0,0,1,0,0,0,0,0,0,0,0,0,0,0,0,0,0,0,0,0,0,0,0,0,0,0,0,0,0,0,0,0,0,0,0,0,0,0,0,0,0,0,0,0,0,0,0,0,0,0,0,0,2,0,5,0,0,0,5,0,0,0,1,0,1,0,0,0,0,0,0,2,0,0,0,0,0,0,1,0,1
Case of tubal foetation.,clinical,original,J. Morley,http://www.ncbi.nlm.nih.gov/pmc/articles/PMC2431799/pdf/provmedsurgj00039-0010.pdf,1851,Andrzej-Adriana,4,564,0,0,0,0,0,0,0,0,0,0,0,0,0,0,0,0,0,0,0,0,1,0,0,0,0,0,0,0,0,0,0,0,0,0,0,0,0,0,0,0,0,0,0,0,0,0,0,0,0,0,0,0,0,0,0,0,0,0,0,1,0,0,0,0,1,0,0,0,0,0,0,0,0,0,0,0,0,0,0,0,0,0,0,0,0,0,0,0,0,0,0,0,0,0,0,0,0,0,0,0,0,0,0,0,0,0,0,0,0,0,0,0,0,0,0,0,0,0,0,0,0,0,0,0,0,0,0,0,0,0,0,0,0,0,0,0,0,0,0,0,1,0,0,0,0,0,0,0,0,0,1,0,1,0,1,0,0,0,0,3,0,0,0,1,0,0,0,0,1
Clinical lecture on the treatment of cancer of the breast by excision.,clinical,original,WM.S. Savory,goo.gl/KB2Lv,1870,Carla-Cinzia,8,3478,0,0,4,1,4,0,1,0,0,0,0,0,0,0,0,0,0,0,0,0,0,0,0,0,0,0,1,0,0,0,0,0,3,0,0,0,0,0,2,0,0,1,0,0,0,0,0,0,0,0,0,0,0,1,0,0,1,0,0,19,0,0,0,2,0,0,0,0,0,2,1,0,0,0,0,2,0,0,0,0,0,0,0,0,0,0,0,0,0,0,0,0,0,0,0,0,0,0,0,0,0,0,0,0,0,0,0,0,0,2,0,0,1,0,0,0,0,0,0,1,0,0,0,0,1,0,0,0,0,0,2,0,0,0,0,0,0,0,0,0,14,8,29,0,0,0,37,4,0,0,0,0,8,0,6,0,1,0,0,19,0,0,0,0,2,0,3,0,5
Clinical remarks on a case of strangulated femoral hernia.,clinical,original,T.H. Bartleet,http://www.ncbi.nlm.nih.gov/pmc/articles/PMC2295345/pdf/brmedj04551-0018a.pdf,1875,Mina-Gabriele,8,1254,0,0,0,0,0,0,0,0,0,0,0,0,0,0,0,0,0,0,1,0,1,0,0,0,0,0,0,0,0,0,0,0,1,0,0,0,0,0,1,0,0,0,0,0,0,0,0,0,0,0,0,0,0,0,0,0,2,0,0,6,0,0,1,0,0,0,0,0,0,0,0,0,0,0,0,0,0,0,0,0,0,0,0,0,0,0,0,0,0,0,2,0,0,0,0,0,0,0,0,0,0,0,0,0,0,0,0,0,0,0,0,0,1,0,0,0,0,0,0,0,0,0,0,0,0,0,0,0,0,0,0,0,0,0,0,0,0,0,1,0,5,0,1,0,0,0,1,0,0,0,3,0,0,0,3,0,0,0,0,6,0,0,0,0,1,0,0,2,3
Cluster randomised controlled trial of expert system based on the transtheoretical (“stages of change”) model for smoking prevention and cessation in schools,clinical,original,"Paul Aveyard  K K Cheng  Joanne Almond  Emma Sherratt  Robert Lancashire  Terry Lawrence 
Carl Griffin  Olga Evans",http://www.bmj.com/content/319/7215/948.full.pdf,1999,tutti,22,4309,0,0,0,0,0,0,0,0,2,0,0,0,0,0,0,0,0,0,0,0,0,0,0,0,0,0,0,0,0,0,0,0,0,0,0,0,1,0,0,0,0,0,0,0,0,0,0,0,0,0,0,0,0,0,0,0,0,0,0,3,0,0,0,0,2,0,0,0,0,0,0,0,0,0,0,0,0,0,0,0,0,0,0,0,0,0,0,0,0,0,2,3,1,0,0,3,0,0,0,0,0,0,0,0,0,0,0,0,0,0,0,3,1,0,0,0,0,0,0,0,0,0,0,0,2,0,0,0,0,0,0,0,1,0,8,0,0,0,0,0,26,1,2,0,0,0,3,2,1,0,0,0,2,0,8,0,2,0,0,15,0,0,0,0,2,1,0,0,3
Do asthmatics suffer bronchoconstriction during rapid eye movement sleep?,clinical,original,C M SHAPIRO  J R CATTERALL  I MONTGOMERY G M RAAB  N J DOUGLAS,http://goo.gl/d4H0R,1986,Andrzej-Adriana,9,3241,0,0,0,0,0,0,0,0,0,0,0,0,0,0,1,0,0,0,0,0,0,0,0,0,0,0,0,0,0,0,0,0,0,0,0,0,5,2,0,0,0,0,0,0,0,0,0,0,0,0,0,0,0,0,0,1,2,0,0,11,0,0,0,0,0,0,0,0,0,0,0,0,0,0,0,0,0,0,0,0,0,0,0,0,0,0,0,0,0,0,0,0,0,0,0,0,0,0,0,0,0,0,0,0,0,0,0,0,0,2,0,1,1,0,0,0,0,0,0,0,0,0,0,0,0,0,0,0,0,0,0,0,0,0,1,0,0,0,0,1,6,2,9,0,0,0,11,2,0,0,3,0,0,0,1,0,0,0,0,6,0,0,0,0,2,0,1,0,3
"Effect of comorbidities and postoperative complications on mortality
after hip fracture in elderly people: prospective observational cohort
study",clinical,original,J J W Roche  R T Wenn  O Sahota  C G Moran,http://www.bmj.com/content/331/7529/1374.full.pdf,2005,tutti,18,3879,0,0,0,0,0,0,0,0,0,0,0,0,0,0,0,0,0,0,0,0,0,0,0,0,0,0,0,0,0,0,0,0,0,0,0,0,1,0,0,0,0,0,0,0,0,0,0,0,0,0,0,0,0,0,0,0,0,1,0,2,0,0,0,0,0,0,0,0,0,0,0,0,0,0,0,0,0,0,0,0,0,0,0,0,0,0,0,0,0,0,0,0,0,0,0,0,0,0,0,0,0,0,0,0,0,0,0,0,0,0,0,0,0,0,0,0,0,0,0,0,0,0,0,0,1,0,0,0,0,0,0,0,0,0,0,0,0,0,0,0,1,1,8,0,0,0,9,0,0,0,0,0,0,0,2,0,0,0,0,2,0,0,0,0,1,0,0,0,1
Effects of flying on patients with cardiovascular disease.,clinical,original,G. Bourne,http://goo.gl/uDnfR,1955,Ramona-Luciana,8,3459,0,0,0,0,0,0,0,0,0,0,0,0,0,0,0,0,0,0,0,0,0,0,0,0,0,0,0,0,0,0,0,0,0,0,0,0,0,1,0,0,0,0,0,0,0,0,0,0,0,0,0,0,0,0,0,2,1,0,0,4,0,0,0,0,0,0,0,0,0,1,0,0,0,0,0,0,0,0,0,0,0,0,0,0,0,0,1,0,0,1,1,0,0,0,0,0,0,0,0,1,0,0,0,0,0,0,0,0,0,3,0,1,0,0,0,0,0,0,0,0,0,0,0,0,1,0,0,0,0,0,0,0,0,0,0,0,0,0,1,0,11,4,3,0,0,0,7,0,0,0,1,0,3,1,3,0,0,0,0,8,0,0,0,0,1,0,1,0,2
Foot-and-mouth Disease in Man.,clinical,review,Leading articles,http://goo.gl/nZNPJ,1967,Ilaria-Davide,4,713,0,0,0,0,0,0,0,0,0,0,0,0,0,0,0,0,0,0,0,0,0,0,0,0,0,0,0,0,0,0,0,0,0,0,0,0,0,0,0,0,0,0,0,0,0,0,0,0,0,0,0,0,0,0,0,0,0,0,0,0,0,0,0,0,0,0,0,0,0,0,0,0,0,0,0,0,0,0,0,0,0,0,0,0,0,0,0,0,0,0,0,0,0,0,0,0,0,0,0,0,0,0,0,0,1,0,0,0,0,0,0,0,1,0,0,0,0,0,0,0,0,0,0,0,0,0,0,0,0,0,1,0,0,0,0,0,0,0,0,0,3,0,3,0,1,0,4,0,0,0,4,0,3,1,0,0,0,0,0,8,0,0,0,0,0,0,1,0,1
Guanethidine in the treatment of hypertension.,clinical,original,C.P. Lowther  R.W.D. Turner,http://goo.gl/IdMgA,1963,Mina-Gabriele,6,4969,1,0,1,0,1,0,0,0,0,0,1,0,0,0,0,0,0,0,0,0,0,0,0,0,0,0,0,0,0,0,0,0,0,0,0,0,0,0,0,0,0,0,0,0,0,0,0,0,0,0,0,0,0,0,0,2,0,0,0,5,0,0,0,0,0,0,0,0,0,0,0,0,0,0,0,0,0,0,0,0,0,0,0,0,0,0,0,0,0,0,0,0,0,0,0,0,0,0,0,0,0,0,0,0,0,0,0,0,4,0,0,0,2,0,1,0,0,0,1,1,0,0,0,0,2,0,0,0,0,0,0,0,0,0,0,0,0,0,0,0,11,10,8,0,1,0,19,1,0,0,1,0,2,0,6,0,0,0,0,10,0,0,0,0,1,0,0,0,1
Hay-fever.,clinical,letter,J.Bird,http://www.ncbi.nlm.nih.gov/pmc/articles/PMC2326434/pdf/brmedj05875-0021a.pdf,1865,Carla-Cinzia,1,1021,0,0,0,0,0,0,0,0,0,0,0,0,0,0,0,0,0,0,0,0,0,0,0,0,0,0,0,0,0,0,0,0,1,0,0,0,0,0,0,0,0,0,0,0,0,0,0,0,0,0,0,0,0,0,0,0,0,0,0,1,0,0,0,0,0,0,0,0,0,0,0,0,0,0,0,0,0,0,0,0,0,0,0,0,0,0,0,0,0,0,0,0,0,0,0,0,0,0,0,0,0,0,0,0,0,0,0,0,0,0,0,0,0,0,0,0,0,0,0,0,0,0,0,0,0,0,1,0,0,0,0,0,0,1,0,0,0,0,0,0,2,0,3,0,0,0,3,0,0,0,0,0,0,0,0,0,0,0,0,0,0,0,0,0,0,0,0,0,0
Immunization during pregnancy to the kidd (Jka) red-cell antigen.,clinical,original,J.P.Bailey et. al.,http://goo.gl/Khepy,1959,Ilaria-Davide,9,654,0,0,0,0,0,0,0,0,0,0,0,0,0,0,0,0,0,0,0,0,0,0,0,0,0,0,0,0,0,0,0,0,0,0,0,0,0,0,0,0,0,0,0,0,0,0,0,0,0,0,0,0,0,0,0,0,0,0,0,0,0,0,0,0,0,0,0,0,0,0,0,0,0,0,0,0,0,0,0,0,0,0,0,0,0,0,0,0,0,0,0,0,0,0,0,0,0,0,0,0,0,0,0,0,0,0,0,0,0,0,0,0,0,0,0,0,0,0,0,0,0,0,0,0,0,0,0,0,0,0,0,0,0,0,0,0,0,0,0,0,0,0,0,0,0,0,0,0,0,0,0,0,0,0,1,1,0,0,0,2,0,0,0,0,0,0,1,0,1
Increased bacterial antibody titres- and IgA deficiency in epileptic patients.,clinical,short report,IIVANAINEN  SYRJANEN  WALTIMO  VALTONEN ,http://goo.gl/yyrxq,1987,Andrzej-Adriana,10,718,0,0,0,0,0,0,0,0,0,0,0,0,0,0,0,0,0,0,0,0,0,0,0,0,0,0,0,0,0,0,0,0,0,0,0,0,0,0,2,0,0,0,0,0,0,0,0,0,0,0,0,0,0,0,0,0,0,0,0,2,0,0,0,0,0,0,0,0,0,0,0,0,0,0,0,0,0,0,0,0,0,0,0,0,0,0,0,0,0,0,0,0,0,0,0,0,0,0,0,0,0,0,0,0,0,0,0,0,0,0,0,0,0,0,1,0,0,0,0,0,0,0,0,0,0,0,0,0,0,0,0,0,0,0,0,0,0,0,0,0,1,0,4,0,0,0,4,0,0,0,0,0,0,0,0,0,0,0,0,0,0,0,0,0,0,0,0,0,0
Infantile paralysis. A clinical study.,clinical,original,J.M. Gill,http://goo.gl/dQb7A,1926,Ramona-Luciana,5,4155,1,1,2,0,1,0,0,0,0,0,0,0,1,0,0,1,0,0,1,0,0,0,0,0,0,0,0,0,0,0,0,0,2,0,0,0,0,0,2,0,0,0,0,0,0,0,0,0,0,0,0,0,0,0,0,1,2,0,0,14,0,0,0,0,0,0,0,0,0,1,1,0,0,0,0,0,0,0,1,0,0,0,0,0,0,0,2,0,0,0,1,0,0,0,0,0,0,0,0,0,0,0,0,0,0,0,0,0,0,1,0,0,0,0,0,0,0,0,1,0,0,0,0,0,2,0,0,1,1,0,0,0,0,0,0,0,0,0,0,0,12,7,22,0,2,0,31,1,0,0,1,0,6,1,2,0,0,0,0,11,0,0,0,0,1,0,2,0,3
Investigation and results of treatment of 1 000 cases of vaginal discharge.,clinical,original,O. LLoyd,http://goo.gl/T6z57,1945,Ramona-Luciana,11,1779,0,0,0,0,0,0,0,0,0,0,0,0,0,0,0,0,0,0,0,0,0,0,0,0,0,0,0,0,1,0,0,0,0,0,0,0,0,0,0,0,0,0,0,0,0,0,0,0,0,0,0,0,0,0,0,0,0,0,0,1,0,0,0,1,0,0,0,0,0,0,0,0,0,0,0,0,0,0,0,0,0,1,0,0,0,0,0,0,0,0,0,0,0,0,0,0,0,0,0,0,0,0,0,0,0,0,0,0,0,0,0,0,0,0,0,0,0,0,0,0,0,0,0,0,0,0,0,0,0,0,0,0,0,0,0,0,0,0,0,0,2,1,0,0,1,0,2,0,0,0,0,0,0,0,2,0,0,0,0,2,0,0,0,0,0,0,1,0,1
Local blood-letting in inflammation.,clinical,original,T. Inman,http://www.ncbi.nlm.nih.gov/pmc/articles/PMC2252445/pdf/brmedj06142-0005b.pdf,1859,Mina-Gabriele,4,316,0,0,0,0,0,0,0,0,0,0,0,0,0,0,0,0,0,0,0,0,0,0,0,0,0,0,0,0,0,0,0,0,2,0,0,0,0,0,1,0,0,0,0,0,0,0,0,0,0,0,0,0,0,0,0,0,1,0,0,4,0,0,0,0,0,0,1,0,0,0,0,0,0,0,0,0,0,0,0,0,0,0,0,0,0,0,0,0,0,0,0,0,0,0,0,0,0,0,0,0,0,0,0,0,0,0,0,0,0,0,0,0,0,0,0,0,0,0,0,0,0,0,0,0,0,0,0,0,0,2,0,0,0,0,0,0,0,0,0,0,3,0,0,0,0,0,0,0,0,0,0,0,1,0,1,0,0,0,0,2,0,0,0,0,0,0,0,0,0
Lung cancer and other causes of death in relation to smoking.,clinical,original,R. Doll  A. Bradford Hill,http://goo.gl/ZoeJl,1956,Mina-Gabriele,11,12476,0,0,1,0,1,0,0,0,0,0,0,1,1,1,3,0,0,0,0,0,0,0,0,0,0,0,0,0,0,0,0,0,0,0,0,0,3,1,0,0,0,0,0,0,0,0,0,0,4,1,0,0,0,0,0,3,2,0,0,22,0,0,0,0,3,0,0,0,2,0,0,0,0,0,0,0,0,0,0,2,0,0,0,0,0,1,1,5,1,0,5,2,0,0,0,0,0,2,0,0,0,0,0,0,1,1,0,0,1,5,0,1,6,1,5,0,0,0,0,0,0,0,0,1,0,0,0,0,0,0,0,0,2,0,0,1,0,1,0,0,50,11,29,0,4,0,44,5,1,0,13,0,5,0,22,0,4,0,0,50,0,0,0,0,0,0,11,0,11
Maternal vitamin D intake and mineral metabolism in mothers and their newborn infants.,clinical,original,F. Cockburn et.al.,http://goo.gl/Tp9cj,1980,Ramona-Luciana,13,2795,0,0,0,0,0,0,0,0,0,0,0,0,0,0,0,0,0,0,0,0,0,0,0,0,0,0,0,0,0,0,0,0,0,0,0,0,1,0,0,0,0,0,0,0,0,0,0,0,0,0,0,0,0,0,0,0,0,0,0,1,0,0,0,2,2,0,0,0,0,0,0,0,0,0,0,0,0,0,0,0,0,0,0,0,0,0,0,0,0,0,0,0,0,0,0,0,0,0,0,0,0,0,0,0,0,0,0,0,0,0,0,0,0,0,1,0,0,0,0,0,0,0,0,0,2,0,0,0,0,0,0,0,1,0,0,0,0,0,0,0,8,0,4,0,0,0,4,0,0,0,0,0,1,0,1,0,0,0,0,2,0,0,0,0,0,0,3,0,3
Medical and surgical work as a prisoner of war.,clinical,original,A.T.I. Macdonald,goo.gl/UqMJP,1919,Ilaria-Davide,9,3195,0,0,0,0,0,0,0,0,0,0,0,0,0,0,1,0,0,0,0,0,0,0,0,0,0,0,0,0,0,0,0,0,1,0,0,0,0,0,0,0,0,0,0,0,0,0,0,0,0,0,0,0,0,0,0,0,1,0,0,3,0,0,0,0,0,0,0,0,0,0,0,0,0,0,0,0,0,1,0,0,0,0,0,0,0,0,0,0,0,0,0,0,0,0,0,0,0,0,0,0,0,0,0,0,0,0,0,0,0,1,0,0,0,0,0,1,0,0,0,0,0,0,0,0,0,0,0,0,0,0,0,0,0,0,0,0,0,0,0,0,3,0,1,0,2,0,3,0,0,0,1,0,1,0,1,0,0,0,0,3,0,0,0,0,0,0,1,0,1
New methods of studying affection of the heart.,basic,original,J. Mackensie,goo.gl/97t8K,1905,Ilaria-Davide,8,3711,0,0,1,0,0,0,0,0,0,0,0,0,0,0,1,1,0,0,0,0,0,0,0,0,0,0,0,0,2,1,0,0,0,0,0,0,1,0,0,0,0,0,0,0,0,0,0,0,0,0,0,0,0,0,0,0,1,0,0,8,0,0,0,3,0,0,0,0,0,0,0,0,0,0,0,0,0,0,0,0,0,0,0,0,0,0,0,0,0,0,0,0,0,0,0,0,0,0,0,0,0,0,0,0,0,0,0,0,0,0,0,1,0,0,0,0,0,0,0,0,0,0,0,0,0,0,0,0,0,0,0,0,0,0,0,0,0,0,0,0,4,8,7,0,0,0,15,0,0,0,5,0,1,0,1,0,0,0,0,7,0,0,0,0,1,0,2,0,3
Non-melanoma skin cancer.,clinical,review,I. Harvey  D.Shalom  R.M.Marks  S.J.Frankel,http://goo.gl/FWfJr,1989,Carla-Cinzia,3,2463,0,0,0,0,0,0,0,0,0,0,0,0,0,0,0,0,0,0,0,0,0,0,0,0,0,0,0,0,0,0,0,0,0,0,0,0,2,0,0,0,0,0,0,0,0,0,0,0,0,0,0,0,0,0,0,0,0,0,0,2,0,0,0,1,0,0,0,1,0,0,2,0,0,0,0,0,0,0,0,0,0,0,0,0,0,0,0,0,0,0,2,0,0,0,0,0,0,0,0,0,0,0,0,0,0,0,0,0,0,2,0,1,1,0,0,0,0,5,0,0,0,0,0,0,0,0,0,0,0,0,0,0,0,0,0,0,0,1,2,0,18,1,11,1,0,0,13,1,0,0,1,0,1,0,2,0,0,0,0,5,0,0,0,0,0,0,0,0,0
Notes on the pathology and treatment of cholera.,clinical,review,G. Johnson,http://www.ncbi.nlm.nih.gov/pmc/articles/PMC2326590/pdf/brmedj05890-0001.pdf,1865,Ramona-Luciana,8,1437,0,0,0,1,1,0,0,0,0,0,0,0,0,0,0,0,0,0,0,0,0,0,0,0,0,0,0,0,0,0,0,0,0,0,0,0,0,0,0,0,0,0,0,0,0,0,0,0,0,0,0,0,0,0,0,0,0,0,0,2,0,0,0,0,0,0,0,0,0,0,0,0,0,0,0,0,0,0,0,0,0,0,0,0,0,0,0,0,0,0,0,0,0,0,0,0,0,0,0,0,0,0,0,0,0,0,0,0,0,0,0,1,0,0,0,0,0,0,0,2,0,0,0,0,2,0,0,0,0,0,0,0,0,0,0,0,0,0,0,0,5,3,6,0,0,0,9,0,0,0,1,0,2,0,4,0,0,1,0,8,0,0,0,0,0,0,2,0,2
Observation on scurvy  as it was developed in Bath and its neighbourhood.,clinical,original,J. Barrett,http://goo.gl/PxANV,1848,Carla-Cinzia,17,4700,0,0,1,0,0,0,0,0,0,0,0,0,0,0,0,1,0,0,4,0,0,0,0,0,0,0,0,0,0,0,0,0,4,0,0,0,0,0,0,0,0,0,0,0,0,0,0,0,0,0,0,0,1,1,0,3,1,0,0,16,0,0,0,1,0,0,0,0,0,0,0,0,0,0,0,0,0,0,0,0,0,0,0,0,0,0,0,0,0,0,0,0,0,0,0,0,0,0,0,0,0,0,0,0,0,0,0,0,0,2,0,0,0,0,0,0,0,0,0,0,0,0,0,0,1,0,0,0,0,0,0,0,0,0,0,0,0,0,0,0,4,0,15,4,0,0,19,2,0,0,3,0,3,0,6,0,1,0,0,15,0,0,0,0,2,0,0,0,2
On a regulated temperature in the treatment of disease  etc.,clinical,original,A. Robertson,http://www.ncbi.nlm.nih.gov/pmc/articles/PMC2261936/pdf/brmedj05431-0005.pdf,1871,Ramona-Luciana,10,2933,0,0,1,0,0,0,0,0,0,0,0,0,0,0,2,0,0,0,0,0,0,0,0,0,0,0,0,0,0,1,0,0,2,0,0,0,1,0,0,0,0,0,0,0,0,0,0,0,0,0,0,0,0,0,0,1,1,0,0,9,0,0,0,1,1,0,0,0,0,0,0,0,0,0,0,0,1,0,0,0,0,0,1,0,0,0,0,0,0,0,0,0,0,0,0,0,0,0,0,0,0,0,0,0,0,0,0,0,0,0,0,0,0,0,0,0,0,0,0,0,0,0,0,0,1,0,0,0,0,0,0,0,0,0,0,0,0,0,0,0,5,2,8,1,0,0,11,1,0,0,4,2,0,0,5,0,0,1,0,13,0,0,0,0,1,0,4,0,5
On revaccination.,clinical,original,J.A. Hingeston,goo.gl/lyRci,1853,Ramona-Luciana,2,2778,0,0,1,0,0,0,0,0,0,0,0,0,2,0,0,0,0,0,1,0,0,0,0,0,0,0,0,0,0,0,0,0,0,0,0,0,0,0,1,1,0,0,0,0,0,0,0,0,0,0,0,0,0,0,0,0,0,0,0,6,0,0,0,1,2,0,0,0,0,0,1,0,0,0,0,0,0,0,0,0,0,0,0,0,0,0,0,0,0,0,1,0,0,0,0,0,0,1,0,0,0,0,1,0,0,0,0,0,0,2,0,0,0,0,0,0,0,1,0,0,0,0,0,0,0,0,0,0,0,0,0,0,1,0,0,0,0,0,0,0,11,1,16,2,0,0,19,1,0,0,5,0,3,0,3,0,0,1,0,13,0,0,0,0,0,0,6,0,6
On the actions of picrotoxine  and the antagonist between picrotoxine and chloral hydrate.,basic,original ,J. Crichton Browne,http://www.ncbi.nlm.nih.gov/pmc/articles/PMC2297492/pdf/brmedj04567-0006.pdf,1875,tutti,13,4277,0,0,0,0,1,0,0,0,0,0,0,0,0,0,0,0,0,0,0,0,0,0,0,0,0,0,0,0,0,0,0,0,2,0,0,0,0,0,0,0,0,0,0,0,0,0,0,1,0,0,0,0,0,0,0,2,1,0,1,8,0,0,0,0,0,0,0,0,0,0,1,0,0,0,0,0,0,0,0,1,0,0,0,0,0,0,0,0,0,0,0,0,0,0,0,0,0,0,0,0,0,0,0,0,0,0,0,0,0,1,0,0,0,0,0,0,0,0,0,0,0,0,0,0,0,0,0,0,0,0,0,0,0,0,0,0,0,0,0,0,3,2,7,0,0,0,9,0,0,0,1,0,4,0,7,0,0,3,0,15,0,0,0,1,0,0,3,0,4
On the cause and prevention of death from chloroform.,clinical,original,J. Snow,goo.gl/FkIrc,1852,Ilaria-Davide,9,4909,0,0,0,0,0,0,0,1,0,0,0,0,0,0,0,0,2,0,1,0,0,0,0,0,0,0,0,0,0,0,0,0,0,0,0,0,0,0,0,0,0,0,0,0,0,0,0,0,0,0,0,0,0,0,0,0,2,0,0,6,0,0,0,0,0,0,0,0,0,0,0,0,0,0,0,0,0,0,0,1,0,0,0,0,0,0,0,0,0,0,2,0,0,0,0,0,0,2,0,0,0,0,0,0,0,0,0,0,0,0,0,0,1,0,0,0,0,0,0,3,1,0,0,0,2,0,0,0,0,0,0,0,0,0,0,0,0,0,0,0,12,0,3,0,2,0,5,2,1,0,2,0,1,0,8,0,0,0,0,14,0,0,0,1,1,0,2,0,4
On the importance of rest in the treatment of acute phthisis.,clinical,review,H. Johnstone Campbell,http://goo.gl/K8U07,1897,Andrzej-Adriana,11,1216,0,0,0,1,0,0,0,0,0,0,0,0,0,0,2,0,0,0,0,0,0,0,0,0,0,0,0,0,0,0,0,0,1,0,0,0,0,0,0,0,0,0,0,0,0,0,0,0,0,0,0,0,0,0,1,0,0,0,0,5,0,0,0,0,0,0,0,0,0,0,0,0,0,0,0,0,0,0,0,0,0,0,0,0,0,0,0,0,0,0,0,0,0,0,0,0,0,0,0,0,0,0,0,0,0,0,0,0,0,1,0,0,0,0,0,0,0,0,0,0,0,0,0,0,0,0,0,0,0,0,0,0,0,0,0,0,0,0,0,0,1,1,2,0,1,0,4,0,0,0,0,0,0,0,1,0,0,1,0,2,0,0,0,0,0,0,0,0,0
On the use of small doses of opium in the act of dying from phthisis.,clinical,original,J. Bullar,goo.gl/5I5El,1856,Andrzej-Adriana,15,1258,0,0,0,0,0,0,1,0,0,0,0,0,0,0,0,0,0,0,0,0,0,0,0,0,0,0,0,0,0,0,0,0,0,0,0,0,0,0,0,0,0,0,0,0,0,0,0,0,0,0,0,0,0,0,0,0,2,0,0,3,0,0,0,0,0,0,0,0,0,0,0,0,0,0,0,0,0,0,0,0,0,0,0,0,0,0,0,0,0,0,0,0,0,0,0,0,0,0,0,0,0,0,0,0,0,0,0,0,0,0,0,0,0,0,0,0,0,0,0,0,0,0,0,0,0,0,0,0,0,0,0,0,0,0,0,0,0,0,0,0,0,1,4,0,1,0,6,0,0,0,1,0,1,0,0,0,0,0,0,2,0,0,0,0,0,0,0,0,0
Oral Contraceptives and myocardial Infarction.,clinical,original,M.F. Oliver,http://goo.gl/Lfjms,1970,Andrzej-Adriana,5,2636,0,0,0,0,0,0,0,0,0,0,1,0,0,0,0,0,0,0,0,0,0,0,0,0,0,0,0,0,0,0,0,0,0,0,0,0,0,0,0,0,0,0,0,0,0,0,0,0,0,0,0,0,0,0,0,0,0,0,0,1,0,0,0,0,0,0,0,0,0,1,0,0,0,0,0,0,0,0,0,0,0,0,0,0,0,0,0,0,0,0,0,0,0,0,0,0,0,0,0,0,0,0,0,0,0,0,0,0,0,0,0,0,0,0,0,0,0,0,0,0,0,0,0,0,3,0,0,0,0,0,0,0,0,0,0,0,0,0,1,0,5,1,5,0,0,0,6,3,0,0,3,0,7,0,1,0,0,0,0,14,0,0,0,0,3,1,1,0,5
Perforated gastric ulcer: operation 44 hours after perforation recovery.,clinical,original,A.C. Roper,goo.gl/2kqsh,1908,Ramona-Luciana,8,2112,0,0,0,0,0,0,0,0,0,0,0,0,0,0,0,1,0,0,0,0,0,1,0,0,0,0,0,1,0,0,0,0,0,0,0,0,0,0,1,0,0,0,0,0,0,0,0,0,0,0,0,0,0,0,0,0,0,0,0,4,0,0,0,0,0,0,0,0,0,0,0,0,0,0,0,0,0,0,0,0,0,0,0,0,0,0,0,0,0,0,1,0,0,0,0,0,0,1,0,0,0,0,0,0,0,0,0,0,0,0,0,0,0,0,0,0,0,0,0,0,0,0,0,0,0,0,0,0,0,0,0,0,0,0,0,0,0,0,0,0,2,1,0,0,0,0,1,1,0,0,0,0,1,0,3,0,0,0,0,5,0,0,0,0,0,0,0,0,0
Prognosis in  severe shock.,clinical,original,I. M.C.A. Ledingham B.N. Cowan H.J.G. Burns,http://goo.gl/ploqv,1982,Ilaria-Davide,4,905,0,0,1,0,0,0,0,0,0,0,0,0,0,0,1,0,0,0,0,0,0,0,0,0,0,0,0,0,0,0,0,0,0,0,0,0,0,1,0,0,0,0,0,0,0,0,0,0,0,0,0,0,0,0,0,1,1,0,0,5,0,0,0,0,0,0,0,0,0,0,0,0,0,0,0,0,0,0,0,0,0,0,0,0,0,0,0,0,0,0,0,0,0,0,0,0,0,0,0,0,0,0,0,0,0,0,0,0,0,0,0,0,0,0,0,0,0,0,0,0,0,0,0,0,0,0,0,0,0,0,0,0,0,0,0,0,0,0,0,0,0,0,12,0,0,0,12,1,0,0,2,0,1,0,2,0,0,0,0,6,0,0,0,0,0,0,1,0,1
Prognosis of Crohns disease.,clinical,,leading article,http://goo.gl/iIOYW,1981,Ramona-Luciana,4,697,0,0,0,0,0,0,0,0,0,0,0,0,0,0,1,0,0,0,0,0,0,0,0,0,0,0,0,0,0,0,0,0,0,0,0,0,0,0,0,0,0,0,0,0,0,0,0,0,0,0,0,0,0,0,0,0,0,0,0,1,0,0,0,0,0,0,0,0,0,0,0,0,0,0,0,0,0,0,0,0,0,0,0,0,0,0,0,0,0,0,0,0,0,0,0,0,0,0,0,0,0,0,0,0,0,0,0,0,0,0,0,0,0,0,0,0,0,0,0,0,0,0,0,0,0,0,0,0,0,0,0,0,0,0,0,0,0,0,0,0,0,1,0,0,0,0,1,0,0,0,1,0,1,0,0,0,0,0,0,2,0,0,0,0,0,0,0,0,0
Progression of HIV disease in homophilic cohort followed for 11 years and the effect of treatment.,clinical,original ,Lee  Phillips  Elford  Janossy  Griffiths  Kernoff,http://goo.gl/gcCSw,1991,tutti,17,2866,0,0,0,0,0,0,0,0,0,0,0,0,0,0,2,0,0,0,0,0,0,0,0,0,0,0,0,0,0,0,0,0,0,0,0,0,3,0,0,0,0,0,0,0,0,0,0,0,0,0,0,0,0,0,0,0,2,0,0,7,0,0,0,0,0,0,0,0,0,0,0,0,0,0,0,0,0,0,0,0,0,0,0,0,0,0,0,0,0,0,0,0,0,0,0,1,0,0,0,0,0,0,0,0,0,0,0,0,0,0,0,0,2,0,0,0,0,0,0,0,0,0,0,0,0,0,0,0,0,0,0,0,0,0,0,0,0,0,0,0,3,1,7,0,0,0,8,0,0,0,2,0,0,0,3,0,0,0,0,5,0,0,0,0,0,0,0,0,0
Psychopathic states and attempted suicide.,clinical,original,I.R.C. Batchelor,http://goo.gl/VJcSL,1954,Carla-Cinzia,5,5359,0,0,2,0,2,0,1,0,0,0,0,0,0,0,0,0,0,0,0,0,0,1,0,0,0,0,0,0,0,0,0,0,0,0,0,0,2,0,0,0,0,0,0,0,0,0,0,0,0,0,0,0,0,0,0,2,2,0,0,12,0,0,0,3,0,0,0,0,0,0,0,0,0,0,0,1,0,0,0,0,0,0,0,0,0,0,0,0,0,0,2,0,0,0,0,0,0,0,0,0,0,0,0,0,0,0,0,0,0,3,0,0,1,0,1,0,0,0,0,1,0,0,0,0,2,0,0,0,0,0,0,0,0,0,0,0,0,0,0,0,14,4,32,1,0,0,37,1,0,0,7,0,1,0,3,0,0,0,0,12,0,0,0,0,1,0,0,0,1
Puerperal fever: its aetiology and prevention.,clinical,original,L. Colebrook,http://goo.gl/WFPJw,1933,Mina-Gabriele,6,3998,0,0,0,0,0,0,0,0,0,0,0,0,0,0,0,1,0,0,1,0,0,0,0,0,0,0,0,0,0,3,0,0,3,0,0,1,1,0,0,0,1,0,0,0,0,0,0,0,0,0,0,0,0,0,0,1,3,0,0,15,0,0,0,1,0,0,0,0,0,1,0,0,0,0,0,0,0,0,0,2,0,0,0,0,0,0,0,0,0,0,0,0,0,1,1,0,2,0,0,0,0,1,0,0,0,0,0,0,0,0,0,1,6,0,0,0,0,0,0,1,0,0,0,0,4,0,0,0,0,0,0,0,0,0,1,0,1,0,0,0,23,6,17,0,1,0,24,3,0,0,1,1,13,0,7,0,1,4,0,30,3,3,0,0,2,0,5,0,7
Puerperal sepsis  an investigation regarding contagion  and throat carriers of the streptococcus haemolyticus.,clinical,original,E. Farquhar Murray,http://www.ncbi.nlm.nih.gov/pmc/articles/PMC2313170/pdf/brmedj07490-0008.pdf,1930,Carla-Cinzia,13,2645,0,0,0,0,0,0,0,0,0,0,0,0,0,0,0,0,0,0,0,0,0,0,0,0,0,0,0,0,0,0,0,0,0,0,0,0,0,0,0,0,0,0,0,0,0,0,0,0,0,0,0,0,0,0,0,0,0,0,0,0,0,0,0,0,0,0,0,0,0,0,0,0,0,0,0,0,0,0,0,0,0,0,0,0,0,0,0,0,0,0,0,0,0,0,0,0,0,0,0,0,0,0,0,0,0,0,0,0,0,0,0,0,2,0,1,0,0,0,0,0,0,0,0,0,0,0,0,0,0,0,0,0,0,0,0,0,0,0,0,0,3,2,5,0,0,0,7,0,0,0,0,0,4,0,5,0,0,0,0,9,0,0,0,0,0,0,0,0,0
Remarks on micro-organism: their relation to disease.,basic,original,J. Lister,goo.gl/JOksM,1880,Mina-Gabriele,7,4259,0,0,0,0,0,0,1,0,0,0,0,0,0,0,0,0,0,0,0,0,0,0,0,0,0,0,0,0,0,0,0,0,0,1,0,0,1,,1,1,0,0,0,0,0,0,0,0,0,0,0,0,0,0,0,0,3,0,0,8,0,0,0,0,1,0,0,0,0,0,0,0,1,0,0,0,0,0,0,0,0,0,0,0,0,0,0,0,0,0,0,0,0,0,0,0,0,0,0,0,0,0,0,0,0,0,0,0,0,2,0,0,0,0,0,1,0,0,0,0,0,0,0,0,1,0,0,0,0,0,0,0,0,0,0,0,0,0,0,0,6,3,11,0,2,0,16,0,0,0,3,0,4,0,4,0,0,0,0,11,0,0,0,0,0,0,6,0,6
Reports on vaccination and small-pox in 1892-93.,clinical,original,(Based on returns communicated to the British Medical Journal),goo.gl/760Lr,1893,Ilaria-Davide,7,1012,0,0,0,0,1,0,0,0,0,0,0,0,0,0,0,0,0,0,0,0,0,0,0,0,0,0,0,0,0,0,0,0,0,0,0,0,0,0,0,0,0,0,0,0,0,0,0,0,0,0,0,0,0,0,0,1,0,0,0,2,0,0,0,0,0,0,0,0,0,1,0,0,0,0,0,0,0,0,0,0,0,0,0,0,0,0,0,0,0,0,0,0,0,0,0,0,0,0,0,0,0,0,0,0,0,0,0,0,0,0,0,0,0,0,0,0,0,0,0,0,0,0,0,0,0,0,0,0,0,0,0,0,0,0,0,0,0,0,0,0,1,0,1,0,0,0,1,0,0,0,0,0,0,0,6,0,0,0,0,6,0,0,0,0,0,0,0,0,0
Resuscitation and the nurse.,clinical,,leading article,http://goo.gl/1gN0s,1967,Ilaria-Davide,4,405,0,0,0,0,0,0,0,0,0,0,0,0,0,0,0,0,0,0,0,0,0,0,0,0,0,0,0,0,0,0,0,0,0,0,0,0,0,0,0,0,0,0,0,0,0,0,0,0,0,0,0,0,0,0,0,0,0,0,0,0,0,0,0,1,0,0,0,0,0,0,0,0,0,0,0,0,0,0,0,0,0,0,0,0,0,0,0,0,0,0,0,0,0,0,0,0,0,0,0,0,0,0,0,0,0,0,0,0,0,0,0,0,0,0,0,0,0,0,0,0,0,0,0,0,0,0,0,0,0,0,0,0,0,0,0,0,0,0,0,0,1,1,5,0,0,0,6,0,0,0,0,0,3,0,0,0,0,0,0,3,0,0,0,0,0,0,1,0,1
Split renal function after captopril in unilateral renal artery stenosis.,clinical,original,G J WENTING  H L TAN-TJIONG  F H M DERKX  J H B DE BRUYN  A J MAN IN 'T VELD  M A D H SCHALEKAMP,http://goo.gl/IZqXp,1984,Andrzej-Adriana,10,3067,0,0,0,0,0,0,0,0,0,0,0,0,0,0,0,0,0,0,0,0,0,0,0,0,0,0,0,0,0,0,0,0,0,0,0,0,0,0,0,0,0,0,1,0,0,0,0,0,0,0,0,0,0,0,0,0,0,0,0,1,0,0,0,0,0,0,0,0,1,0,0,0,0,0,0,0,0,0,0,0,0,0,0,0,0,0,0,0,0,0,2,0,0,0,0,0,0,0,0,0,0,0,0,0,0,0,0,0,0,2,0,1,0,0,1,1,0,0,0,0,0,0,0,0,4,0,0,0,0,0,0,0,0,0,0,0,0,0,0,0,12,1,11,0,0,0,12,0,0,0,1,0,4,0,1,0,0,0,0,6,0,0,0,0,1,0,0,0,1
The Bradshaw lecture on modern abdominal surgery.,clinical,original,T. Spencer Wells,goo.gl/pCIt5,1890,Carla-Cinzia,7,4422,0,0,0,0,0,0,0,0,0,2,0,0,0,0,0,0,0,0,0,0,0,0,0,0,0,0,0,0,0,0,0,0,1,0,0,0,0,0,0,0,0,0,0,0,0,0,0,0,0,0,0,0,0,0,0,0,0,0,0,3,0,0,0,0,0,0,0,0,0,0,1,0,0,0,0,0,0,0,0,0,0,0,0,0,0,0,0,0,0,0,0,0,0,0,0,0,0,0,0,0,0,0,0,0,1,0,0,0,0,3,0,0,1,0,0,0,0,0,0,0,0,0,0,0,0,0,0,0,1,0,1,0,0,0,0,0,0,0,0,0,8,7,13,0,1,0,21,2,0,0,4,0,2,0,6,0,2,1,0,17,0,0,0,0,0,0,6,0,6
The determinants of abortion and how to combat them.,clinical,original,J. Oliver,goo.gl/uSghE,1907,Mina-Gabriele,9,5000,0,0,1,0,0,0,0,0,0,0,0,0,0,0,0,0,0,0,0,2,0,0,0,0,0,0,0,0,0,0,0,0,0,0,0,0,0,0,0,0,0,0,0,1,1,1,1,0,0,0,0,0,0,0,0,1,0,0,0,8,0,0,0,1,0,0,0,0,0,0,0,0,0,0,0,0,0,0,0,2,1,0,0,0,0,0,0,0,0,0,1,1,0,0,0,0,0,1,0,0,0,0,0,0,0,0,0,0,0,0,0,1,1,1,1,0,0,0,0,1,0,2,0,0,2,0,0,0,0,0,1,0,0,0,1,0,0,0,0,0,18,1,62,1,6,1,71,2,1,0,0,0,10,1,2,0,1,0,0,17,0,0,0,0,2,0,9,0,11
The early recognition and treatment of cancer of the stomach.,clinical,original,E. Spriggs,http://goo.gl/oR0EP,1928,Mina-Gabriele,10,,0,0,0,0,0,0,0,0,0,0,0,0,0,0,0,0,0,0,0,0,0,0,0,0,0,0,0,0,0,0,0,0,0,0,0,0,1,0,0,0,0,0,0,0,0,0,0,0,0,0,0,0,0,0,0,0,0,0,0,1,0,0,0,0,1,0,0,0,0,0,2,0,0,0,0,2,0,0,0,0,0,0,0,0,0,0,0,0,0,0,2,0,0,0,0,1,0,0,0,0,0,0,0,0,0,0,0,0,0,0,0,0,1,0,0,0,0,0,0,1,0,0,0,0,2,0,0,0,0,0,4,0,0,0,0,0,0,0,1,0,17,9,15,1,0,0,25,2,0,0,1,0,9,0,0,0,1,0,0,13,0,0,0,0,0,0,2,0,2
The etiology and treatment of psoriasis.,clinical,original,J.H. Heaney,http://goo.gl/3WLkN,1927,Ramona-Luciana,6,1267,0,0,0,0,2,0,0,0,0,0,0,0,0,0,0,0,0,0,0,0,0,0,0,0,0,0,0,0,0,0,0,0,0,0,0,0,0,1,0,0,0,0,0,0,0,0,0,0,0,0,0,0,0,0,0,1,2,0,0,6,0,0,0,0,0,0,0,0,0,0,0,0,0,0,0,0,0,0,0,0,0,0,0,0,0,0,0,0,0,0,0,0,0,0,0,1,0,0,0,0,0,0,0,0,0,0,0,0,0,0,0,0,2,0,1,0,0,0,0,0,0,0,0,0,0,0,0,0,0,0,0,0,0,0,0,0,0,0,0,0,4,0,7,0,0,0,7,1,0,0,8,0,0,0,2,0,0,0,0,11,0,0,0,0,0,0,3,0,3
The limits to health promotion.,clinical,original,N.C.Scott  P.Kinnersley  S. Rollnick,http://goo.gl/lP7sg,1994,Mina-Gabriele,5,1190,0,0,0,0,0,0,0,0,0,0,0,0,0,0,0,0,0,0,0,0,0,0,0,0,0,0,0,0,0,0,0,0,0,0,0,0,0,0,0,0,0,0,0,0,0,0,0,0,0,0,0,0,0,0,0,0,1,0,0,1,0,0,0,0,1,0,0,0,0,0,0,0,0,0,0,0,0,0,0,0,0,0,0,0,0,0,0,0,0,0,1,0,1,0,0,1,0,0,0,0,0,0,0,0,0,0,0,0,0,0,0,0,0,0,0,0,0,0,0,0,0,0,0,0,1,0,0,0,0,0,0,0,0,0,1,0,0,0,0,0,6,6,4,0,0,0,10,0,0,0,0,0,4,0,2,0,0,0,0,6,0,0,0,0,0,0,0,0,0
"The lingual application of iodine as a prophylactic in cerebro-spinal meningitis and influenza.

",clinical,original,J.A. Taylor,http://goo.gl/m1gDa,1921,Ilaria-Davide,13,858,0,0,0,0,1,0,0,0,0,0,0,0,0,0,0,0,0,0,0,0,1,0,0,0,0,0,0,0,1,0,0,0,0,0,0,0,0,0,0,0,0,0,0,0,0,0,0,0,0,0,0,0,0,0,0,0,0,0,0,3,0,0,0,0,0,0,0,0,0,0,1,0,0,0,0,0,0,0,0,0,0,0,0,0,0,0,0,0,0,0,0,0,0,0,0,0,0,0,0,0,0,0,0,0,0,0,0,0,0,0,1,0,0,0,3,0,0,0,0,0,0,0,0,0,0,0,0,0,0,0,0,0,0,0,0,0,0,0,0,0,5,1,1,0,0,0,2,0,0,0,0,0,2,0,3,0,0,0,0,5,0,0,0,0,1,0,0,0,1
The permeability of meninges to uranin as a method in the diagnosis of meningitis. ,clinical,review,O.Jervell,http://goo.gl/eWjB4,1925,Andrzej-Adriana,14,1014,0,0,0,0,0,0,0,0,0,0,1,0,0,0,0,0,0,0,0,0,0,0,0,0,0,0,0,0,0,0,0,0,0,0,0,0,0,0,0,0,0,0,0,0,0,0,0,0,0,0,0,0,0,0,0,0,0,0,0,1,0,0,0,0,0,0,0,0,0,0,1,0,0,0,1,0,0,0,0,0,0,0,0,0,0,0,0,0,0,0,0,0,0,0,0,0,0,0,0,0,0,0,0,0,0,0,0,0,0,0,0,0,1,0,1,0,0,0,0,0,0,0,0,0,0,0,0,0,0,0,0,0,0,0,0,0,0,0,1,0,5,4,2,0,1,0,7,0,0,0,0,0,2,0,0,0,0,0,0,2,0,0,0,0,3,0,0,0,3
The problems of clinical research.,clinical,review,L. J. WITTS,http://goo.gl/Oh670,1948,Andrzej-Adriana,5,4543,0,0,0,0,0,0,0,0,0,0,0,0,0,0,0,0,0,0,2,0,0,0,0,0,0,0,0,0,1,1,0,0,1,0,1,0,0,0,0,0,0,0,0,0,0,0,0,0,0,0,0,0,0,0,0,0,2,0,0,8,0,0,0,0,0,0,0,0,0,1,0,0,0,0,0,0,0,0,0,1,0,0,0,1,0,0,0,0,1,0,3,0,0,0,0,0,0,0,0,1,0,0,0,0,0,0,0,0,0,1,0,0,3,0,0,0,0,0,0,1,0,0,0,0,3,1,0,0,0,0,0,0,1,0,0,0,0,0,0,0,18,20,11,0,0,0,31,0,0,0,0,0,16,1,5,0,1,0,0,23,4,4,0,1,1,0,7,0,9
The therapeutic administration of oxygen.,clinical,original,J.S. Haldane,goo.gl/BryMW,1917,Andrzej-Adriana,5,3008,0,0,0,0,0,0,0,0,0,0,0,0,0,0,1,0,0,0,0,0,0,0,0,0,0,0,0,0,1,0,0,0,0,0,0,0,0,0,0,0,0,0,0,0,0,0,0,0,0,0,0,0,0,0,0,1,3,0,0,6,0,0,0,0,0,0,0,0,0,0,0,1,0,0,0,0,0,0,0,0,0,0,0,0,0,0,0,0,0,0,1,0,0,0,0,0,0,0,0,0,0,0,0,0,0,0,0,0,0,0,0,0,2,0,0,0,0,0,0,2,0,0,0,0,1,0,0,0,0,0,0,0,0,0,0,0,0,0,0,0,7,10,15,0,1,0,26,0,0,0,0,0,2,0,0,0,0,2,0,4,1,1,0,0,0,0,4,0,4
The treatment of painful fissure of the anus  without operation.,clinical,original,A.D. MaCGregor  C.M.Kirkcaldy,goo.gl/qfZbv,1886,Carla-Cinzia,10,386,0,0,0,0,0,0,0,0,0,0,0,0,0,0,0,0,0,0,0,0,0,0,0,0,0,0,0,0,0,0,0,0,0,0,0,0,0,0,0,0,0,0,0,0,0,0,0,0,0,0,0,0,0,0,0,0,0,0,0,0,0,0,0,0,0,0,0,0,0,0,0,0,0,0,0,0,0,0,0,0,0,0,0,0,0,0,0,0,0,0,0,0,0,0,0,0,0,0,0,0,0,0,0,0,0,0,0,0,0,0,0,0,0,0,0,0,0,0,0,0,0,0,0,0,0,0,0,0,0,,0,0,0,0,0,0,0,0,0,0,0,1,1,0,0,0,2,0,0,0,0,0,0,0,0,0,0,0,0,0,0,0,0,0,0,0,0,0,0
The treatment of pulmonary tubercolosis by nitrogen compression.,clinical,original,G. Lucas,goo.gl/sNOOR,1915,Carla-Cinzia,8,3076,0,0,0,0,0,0,0,0,0,0,0,0,0,0,0,0,0,0,0,0,0,0,0,0,0,0,0,0,0,0,0,0,0,0,0,0,0,0,0,0,0,0,0,0,0,0,0,0,0,0,0,0,0,0,0,0,0,0,1,1,0,0,0,1,0,0,0,0,0,0,0,0,0,0,0,0,0,0,0,0,0,0,0,0,0,0,0,0,0,0,1,0,0,0,0,0,0,0,0,0,0,0,0,0,0,0,0,0,0,0,0,0,0,0,0,0,0,1,0,0,0,0,0,0,0,0,0,0,0,0,0,0,0,0,0,0,0,0,0,0,3,2,2,0,0,0,4,0,0,0,1,0,5,0,0,0,0,0,0,6,0,0,0,2,1,0,2,0,5
The treatment of ringworm of the scalp by the x rays.,clinical,original,T.M.H. MacLeod,goo.gl/yomAg,1905,Ilaria-Davide,11,2675,0,0,1,0,0,0,0,0,0,0,0,0,1,0,0,0,0,0,0,0,0,0,0,0,0,0,0,0,0,0,0,0,0,0,0,0,0,0,0,0,0,0,0,0,0,0,0,0,0,0,0,0,0,0,0,1,0,0,0,3,0,0,0,0,0,0,0,0,0,0,0,0,0,1,0,0,0,0,0,0,0,0,0,0,0,0,0,0,0,0,0,0,0,0,0,0,0,0,0,0,0,0,0,0,0,0,0,0,0,1,0,0,2,0,0,0,0,0,0,1,0,0,0,0,0,0,0,0,0,0,1,0,1,0,0,0,0,0,0,0,7,3,8,1,0,0,12,0,0,0,2,0,1,1,2,0,0,0,0,6,0,0,0,0,0,0,2,0,2
The treatment of wound infections.,clinical,original,W. Parry Morgan,goo.gl/dQfIZ,1916,Mina-Gabriele,5,4572,0,0,2,0,0,0,0,0,0,0,0,0,0,0,8,0,0,0,0,0,1,0,0,0,0,0,0,0,0,0,0,0,0,0,0,0,1,0,0,1,0,0,0,0,0,0,0,0,0,0,0,0,0,0,0,1,0,0,0,14,0,0,0,1,0,0,0,0,0,0,1,0,0,0,0,0,0,0,0,0,0,0,0,0,0,0,0,0,0,0,0,0,0,0,0,1,0,0,0,0,0,0,0,0,0,0,0,0,0,0,0,1,1,0,1,1,0,0,0,0,0,0,1,0,0,0,0,0,0,0,0,0,0,0,0,0,0,0,0,0,8,12,13,0,0,0,25,1,1,1,2,0,2,0,23,0,4,1,0,35,0,0,0,0,2,0,9,0,11
The value of B.C.G. vaccination in control of tuberculosis.,clinical,original,G.S. Wilson,http://goo.gl/eIEGw,1947,Ilaria-Davide,9,5166,0,0,0,0,0,0,2,0,0,0,0,0,1,0,1,0,0,0,0,0,0,1,0,0,0,0,0,0,0,0,0,0,1,0,0,0,1,0,0,0,0,0,0,0,0,0,0,0,0,0,0,0,0,0,0,2,1,0,0,10,0,0,1,1,0,0,0,0,0,0,5,0,0,0,0,0,0,1,0,0,0,0,0,0,0,0,0,0,0,0,4,0,0,0,0,0,0,0,1,0,0,0,0,0,0,0,0,0,0,1,0,1,2,0,1,1,0,0,0,0,0,0,0,0,2,0,0,0,0,0,0,0,0,0,0,0,0,0,0,0,21,3,18,2,8,0,31,1,0,0,7,2,17,1,18,0,2,0,0,48,0,0,0,0,13,0,13,0,26
Three cases of ovarian disease.,clinical,original,T.G. Stockwell,goo.gl/jxXhR,1850,Mina-Gabriele,5,1297,0,0,0,0,0,0,0,0,0,0,0,0,0,0,0,0,0,0,0,0,0,0,0,0,0,0,0,0,0,0,0,0,0,0,0,0,0,0,0,0,0,0,0,0,0,0,0,0,0,0,0,0,0,0,0,0,0,0,0,0,0,0,0,0,0,0,0,0,0,0,0,0,0,0,0,0,0,0,0,0,0,0,0,0,0,0,0,0,0,0,0,0,0,0,0,0,0,0,0,0,0,0,0,0,0,0,0,0,0,0,0,0,0,0,0,0,0,0,0,0,0,0,0,0,0,0,0,0,0,0,0,0,0,0,0,0,0,0,0,0,0,0,0,0,0,0,0,0,0,0,0,0,0,0,0,0,0,0,0,0,0,0,0,0,0,0,0,0,0
Treatment and primary suture of face wounds.,clinical,original,D.D. Edward,http://goo.gl/5TR2P,1940,Carla-Cinzia,7,2009,0,0,0,0,0,0,0,0,0,0,0,0,0,0,0,0,0,0,0,0,0,0,0,0,0,0,0,0,0,0,0,0,0,0,0,0,0,0,0,0,0,0,0,0,0,0,0,0,0,0,0,0,0,0,0,0,0,0,0,0,0,0,0,1,0,0,0,0,0,0,1,0,0,0,0,0,0,0,1,0,0,0,0,0,0,0,0,0,0,0,0,1,0,0,0,0,0,0,0,0,0,0,0,0,0,0,0,0,0,0,0,0,0,0,0,0,0,0,0,0,0,0,0,0,0,0,0,0,0,0,0,0,0,0,0,0,0,0,0,0,4,3,2,0,0,1,6,0,0,0,0,0,7,0,2,0,0,0,0,9,0,0,0,0,0,0,1,0,1
Treatment of cerebro-spinal meningitis by anti-meningococcus serum combined with autogenous vaccine.,clinical,original,R. Collins,goo.gl/flLER,1915,Carla-Cinzia,13,730,0,0,0,0,1,0,0,0,0,0,0,0,0,0,0,0,0,0,0,0,0,0,0,0,0,0,0,0,0,0,0,0,0,0,0,0,0,0,0,0,0,0,0,0,0,0,0,0,0,0,0,0,0,0,0,0,0,0,0,1,0,0,0,0,0,0,0,0,0,0,0,0,0,0,0,0,0,0,0,0,0,0,0,0,0,0,0,0,0,0,0,0,0,0,0,0,0,0,0,0,0,0,0,0,0,0,0,0,0,0,0,0,0,0,0,0,0,0,0,0,0,0,0,0,0,0,0,0,0,0,0,0,0,0,0,0,0,0,0,0,0,0,1,0,0,0,1,0,0,0,0,0,0,0,0,0,0,0,0,0,0,0,0,1,0,0,0,0,1
Use of grafts in treatment of atherosclerosis of lower limbs.,clinical,original,R.E.Horton,http://goo.gl/iWRVi,1956,Mina-Gabriele,10,1548,0,0,0,0,0,0,0,0,0,0,0,0,0,0,1,0,0,0,0,0,0,0,0,0,0,0,0,0,0,0,0,0,0,0,0,0,1,0,0,0,0,0,0,0,0,0,0,0,0,0,0,0,0,0,0,0,0,0,0,2,0,0,0,0,1,0,0,0,0,0,0,0,0,0,0,0,0,0,0,0,0,0,0,0,0,0,0,0,0,0,1,0,0,0,0,0,0,0,0,0,0,0,0,0,0,0,0,0,0,1,0,0,1,0,0,0,0,0,0,0,0,0,0,0,0,0,0,0,0,0,0,0,0,0,0,0,0,0,0,0,4,2,4,0,0,0,6,0,0,0,0,0,4,0,3,0,0,0,0,7,0,0,0,0,0,0,0,0,0
Vesico-vaginal and rectovaginal fistula.,clinical,review,T. SPENCER WELLS ,goo.gl/zuJIm,1861,Andrzej-Adriana,4,2077,0,0,0,0,0,0,0,0,0,0,0,0,0,0,0,0,0,1,2,0,0,0,0,0,0,1,0,0,0,0,1,0,2,0,0,0,0,0,1,0,0,0,0,0,0,0,0,0,0,0,0,0,0,0,0,0,0,0,0,8,0,0,0,0,0,0,0,0,0,0,0,0,0,0,0,0,0,0,0,0,0,0,0,0,0,0,0,0,0,0,0,0,0,0,0,0,0,0,0,0,0,0,0,0,0,0,0,0,0,1,0,0,0,0,0,0,0,0,0,0,0,0,0,0,0,0,0,0,0,0,0,0,0,0,0,0,0,0,0,0,1,0,8,0,0,0,8,2,0,0,0,0,0,0,2,0,0,0,0,4,0,0,0,0,1,0,1,0,2
Von Willebrand's disease.,basic,original,,http://goo.gl/SbVZd,1976,Andrzej-Adriana,3,879,0,0,0,0,0,0,0,0,0,0,0,0,0,0,0,0,0,0,0,0,0,0,0,0,0,0,0,0,0,0,0,0,0,0,0,0,2,0,0,0,0,0,0,0,0,0,0,0,0,0,0,0,0,0,0,0,2,0,0,4,0,0,0,1,0,0,0,0,0,0,0,0,0,0,0,0,0,0,0,0,0,0,0,0,0,0,0,0,0,0,0,0,0,0,0,1,0,0,0,0,0,0,0,0,0,0,0,0,0,0,0,0,0,0,0,0,0,0,0,0,0,0,0,0,1,0,0,0,0,0,0,0,0,0,0,0,0,0,0,0,3,0,6,0,0,0,6,0,0,0,0,0,1,0,0,0,0,0,0,1,0,0,0,0,0,0,0,0,0